{
  "categorization": {
    "type": "APPLICATION",
    "category": "Business"
  },
  "description": {
    "texts": {
      "title": "SuCitaFacil",
      "features": [
        "agenda "
      ],
      "short-description": " Es una herramienta que le permite agendar citas",
      "full-description": "Para el cliente: Es una herramienta que le permite agendar citas de diversos proveedores de servicios desde una misma aplicación. Sin llamadas, sin intermediarios y con toda la seguridad de que su espacio le será respetado.\n\nPara el proveedor de servicio: Es una herramienta que le permite que sus clientes le contacten y tomen sus citas 24 horas al día. Además de ser un asistente que apoya en funciones como confirmación de la citas y mensajes personalizados a sus clientes. La aplicación le permite al proveedor del servicio que nuevos clientes le contacten y tengan una experiencia con su servicio.",
      "keywords": "citas, agenda, doctores",
      "recent-changes": "",
      "privacy-policy": "",
      "eula": ""
    },
    "images": {
      "screenshots": [],
      "app-icon-small": "",
      "app-icon": "",
      "small-promo": "",
      "large-promo": ""
    },
    "videos": {
      "video-url": ""
    }
  },
  "packages": {
    "apk-file": "",
    "zip-xdk-compliant": false,
    "zip-file": "",
    "secondary-apk-file": ""
  },
  "support": {
    "email": "info@sucitafacil.com",
    "website": "https://sucitafacil.com"
  },
  "testing-instructions": ""
}